<?xml version="1.0" encoding="UTF-8"?>
<config xmlns="http://www.knime.org/2008/09/XMLConfig" xmlns:xsi="http://www.w3.org/2001/XMLSchema-instance" xsi:schemaLocation="http://www.knime.org/2008/09/XMLConfig http://www.knime.org/XMLConfig_2008_09.xsd" key="model.xml">
    <entry key="version" type="xint" value="1"/>
    <entry key="class_name" type="xstring" value="org.knime.base.data.normalize.NormalizerPortObject"/>
    <config key="model">
        <config key="columns">
            <config key="Prediction(LandAverageTemperature(next month)">
                <entry key="column_name" type="xstring" value="Prediction(LandAverageTemperature(next month)"/>
                <entry key="column_scale" type="xdouble" value="0.2664915035499461"/>
                <entry key="column_translate" type="xdouble" value="-2.3232302981222124"/>
                <entry key="column_min" type="xdouble" value="NaN"/>
                <entry key="column_max" type="xdouble" value="NaN"/>
            </config>
            <config key="Residuals">
                <entry key="column_name" type="xstring" value="Residuals"/>
                <entry key="column_scale" type="xdouble" value="0.46784029197216614"/>
                <entry key="column_translate" type="xdouble" value="-0.06533503326840093"/>
                <entry key="column_min" type="xdouble" value="NaN"/>
                <entry key="column_max" type="xdouble" value="NaN"/>
            </config>
        </config>
        <entry key="summary" type="xstring" value="Z-Score (Gaussian) normalization on 2 column(s)"/>
    </config>
</config>
