<?xml version="1.0" encoding="UTF-8"?>
<config xmlns="http://www.knime.org/2008/09/XMLConfig" xmlns:xsi="http://www.w3.org/2001/XMLSchema-instance" xsi:schemaLocation="http://www.knime.org/2008/09/XMLConfig http://www.knime.org/XMLConfig_2008_09.xsd" key="model.xml">
    <entry key="version" type="xint" value="1"/>
    <entry key="class_name" type="xstring" value="org.knime.base.data.normalize.NormalizerPortObject"/>
    <config key="model">
        <config key="columns">
            <config key="Prediction (LandAverageTemperature(next month)) (Prediction Variance)">
                <entry key="column_name" type="xstring" value="Prediction (LandAverageTemperature(next month)) (Prediction Variance)"/>
                <entry key="column_scale" type="xdouble" value="0.42497448823160905"/>
                <entry key="column_translate" type="xdouble" value="-1.2760764070938724"/>
                <entry key="column_min" type="xdouble" value="NaN"/>
                <entry key="column_max" type="xdouble" value="NaN"/>
            </config>
            <config key="Residuals">
                <entry key="column_name" type="xstring" value="Residuals"/>
                <entry key="column_scale" type="xdouble" value="0.6133535557835575"/>
                <entry key="column_translate" type="xdouble" value="0.07737106820019612"/>
                <entry key="column_min" type="xdouble" value="NaN"/>
                <entry key="column_max" type="xdouble" value="NaN"/>
            </config>
        </config>
        <entry key="summary" type="xstring" value="Z-Score (Gaussian) normalization on 2 column(s)"/>
    </config>
</config>
