<?xml version="1.0" encoding="UTF-8"?>
<config xmlns="http://www.knime.org/2008/09/XMLConfig" xmlns:xsi="http://www.w3.org/2001/XMLSchema-instance" xsi:schemaLocation="http://www.knime.org/2008/09/XMLConfig http://www.knime.org/XMLConfig_2008_09.xsd" key="model.xml">
    <entry key="version" type="xint" value="1"/>
    <entry key="class_name" type="xstring" value="org.knime.base.data.normalize.NormalizerPortObject"/>
    <config key="model">
        <config key="columns">
            <config key="Prediction (LandAverageTemperature(next month)) (Prediction Variance)">
                <entry key="column_name" type="xstring" value="Prediction (LandAverageTemperature(next month)) (Prediction Variance)"/>
                <entry key="column_scale" type="xdouble" value="0.45686657628920146"/>
                <entry key="column_translate" type="xdouble" value="-1.1952614777322654"/>
                <entry key="column_min" type="xdouble" value="NaN"/>
                <entry key="column_max" type="xdouble" value="NaN"/>
            </config>
            <config key="Residuals">
                <entry key="column_name" type="xstring" value="Residuals"/>
                <entry key="column_scale" type="xdouble" value="0.6625326800984813"/>
                <entry key="column_translate" type="xdouble" value="-0.021163417902093678"/>
                <entry key="column_min" type="xdouble" value="NaN"/>
                <entry key="column_max" type="xdouble" value="NaN"/>
            </config>
        </config>
        <entry key="summary" type="xstring" value="Z-Score (Gaussian) normalization on 2 column(s)"/>
    </config>
</config>
